id,user_id,rater_id,rating,rated_at,created_at,updated_at
1,1,25,4,2017-10-30 15:44:23.000000,2017-11-21 00:40:18.389103,2017-11-21 00:40:18.389103
2,1,24,5,2017-10-08 09:33:38.000000,2017-11-21 00:40:18.408822,2017-11-21 00:40:18.408822
3,1,34,5,2017-10-26 01:30:08.000000,2017-11-21 00:40:18.413703,2017-11-21 00:40:18.413703
4,1,30,5,2017-10-15 08:42:00.000000,2017-11-21 00:40:18.419657,2017-11-21 00:40:18.419657
5,1,43,4,2017-11-08 06:57:45.000000,2017-11-21 00:40:18.424477,2017-11-21 00:40:18.424477
6,1,45,4,2017-09-29 18:23:51.000000,2017-11-21 00:40:18.428392,2017-11-21 00:40:18.428392
7,1,35,4,2017-10-01 19:41:24.000000,2017-11-21 00:40:18.432345,2017-11-21 00:40:18.432345
8,1,35,5,2017-11-08 20:50:14.000000,2017-11-21 00:40:18.436256,2017-11-21 00:40:18.436256
9,1,21,4,2017-10-07 00:39:40.000000,2017-11-21 00:40:18.440482,2017-11-21 00:40:18.440482
10,1,24,5,2017-10-14 22:09:22.000000,2017-11-21 00:40:18.444509,2017-11-21 00:40:18.444509
11,1,34,4,2017-11-04 09:25:33.000000,2017-11-21 00:40:18.448142,2017-11-21 00:40:18.448142
12,2,45,3,2017-09-23 00:40:28.000000,2017-11-21 00:40:19.916561,2017-11-21 00:40:19.916561
13,2,8,5,2017-10-12 14:45:02.000000,2017-11-21 00:40:19.925200,2017-11-21 00:40:19.925200
14,2,43,3,2017-11-17 02:25:42.000000,2017-11-21 00:40:19.929357,2017-11-21 00:40:19.929357
15,2,26,4,2017-10-30 20:51:43.000000,2017-11-21 00:40:19.933671,2017-11-21 00:40:19.933671
16,2,13,2,2017-10-15 19:33:21.000000,2017-11-21 00:40:19.938820,2017-11-21 00:40:19.938820
17,2,44,4,2017-10-07 23:45:17.000000,2017-11-21 00:40:19.943196,2017-11-21 00:40:19.943196
18,2,36,3,2017-10-19 18:10:37.000000,2017-11-21 00:40:19.947452,2017-11-21 00:40:19.947452
19,2,29,3,2017-11-03 16:33:58.000000,2017-11-21 00:40:19.951596,2017-11-21 00:40:19.951596
20,2,9,4,2017-11-08 23:56:21.000000,2017-11-21 00:40:19.956190,2017-11-21 00:40:19.956190
21,2,48,5,2017-11-17 21:34:26.000000,2017-11-21 00:40:19.960649,2017-11-21 00:40:19.960649
22,2,32,4,2017-10-26 03:39:12.000000,2017-11-21 00:40:19.964723,2017-11-21 00:40:19.964723
23,2,29,4,2017-11-13 02:38:11.000000,2017-11-21 00:40:19.969533,2017-11-21 00:40:19.969533
24,2,18,4,2017-09-30 14:34:11.000000,2017-11-21 00:40:19.974400,2017-11-21 00:40:19.974400
25,2,20,2,2017-11-06 05:37:43.000000,2017-11-21 00:40:19.978533,2017-11-21 00:40:19.978533
26,3,29,1,2017-10-31 06:07:22.000000,2017-11-21 00:40:21.384269,2017-11-21 00:40:21.384269
27,3,19,2,2017-11-18 20:38:39.000000,2017-11-21 00:40:21.390987,2017-11-21 00:40:21.390987
28,3,46,2,2017-10-12 14:43:00.000000,2017-11-21 00:40:21.395211,2017-11-21 00:40:21.395211
29,3,50,1,2017-11-01 12:53:32.000000,2017-11-21 00:40:21.399048,2017-11-21 00:40:21.399048
30,3,36,3,2017-11-05 12:16:38.000000,2017-11-21 00:40:21.402921,2017-11-21 00:40:21.402921
31,3,13,2,2017-10-14 21:37:27.000000,2017-11-21 00:40:21.406693,2017-11-21 00:40:21.406693
32,3,36,2,2017-11-07 14:15:31.000000,2017-11-21 00:40:21.410599,2017-11-21 00:40:21.410599
33,3,27,2,2017-10-30 03:14:41.000000,2017-11-21 00:40:21.414961,2017-11-21 00:40:21.414961
34,3,1,1,2017-10-12 23:29:45.000000,2017-11-21 00:40:21.419623,2017-11-21 00:40:21.419623
35,3,11,1,2017-10-14 05:56:15.000000,2017-11-21 00:40:21.424266,2017-11-21 00:40:21.424266
36,3,12,1,2017-11-12 19:03:56.000000,2017-11-21 00:40:21.428823,2017-11-21 00:40:21.428823
37,3,16,1,2017-10-17 06:04:16.000000,2017-11-21 00:40:21.432913,2017-11-21 00:40:21.432913
38,4,36,2,2017-10-25 03:59:15.000000,2017-11-21 00:40:23.587070,2017-11-21 00:40:23.587070
39,4,24,2,2017-11-05 13:29:14.000000,2017-11-21 00:40:23.593837,2017-11-21 00:40:23.593837
40,4,18,1,2017-11-14 05:55:18.000000,2017-11-21 00:40:23.598376,2017-11-21 00:40:23.598376
41,4,43,3,2017-10-06 21:54:33.000000,2017-11-21 00:40:23.602812,2017-11-21 00:40:23.602812
42,4,50,1,2017-10-09 02:33:02.000000,2017-11-21 00:40:23.607404,2017-11-21 00:40:23.607404
43,4,12,1,2017-10-23 20:21:10.000000,2017-11-21 00:40:23.611620,2017-11-21 00:40:23.611620
44,4,12,2,2017-10-18 15:04:14.000000,2017-11-21 00:40:23.616043,2017-11-21 00:40:23.616043
45,4,15,2,2017-11-13 02:36:14.000000,2017-11-21 00:40:23.620777,2017-11-21 00:40:23.620777
46,4,7,1,2017-11-13 19:27:16.000000,2017-11-21 00:40:23.625295,2017-11-21 00:40:23.625295
47,4,38,1,2017-11-20 01:54:16.000000,2017-11-21 00:40:23.629352,2017-11-21 00:40:23.629352
48,4,38,2,2017-11-18 21:27:03.000000,2017-11-21 00:40:23.633843,2017-11-21 00:40:23.633843
49,4,35,1,2017-10-19 21:44:10.000000,2017-11-21 00:40:23.638213,2017-11-21 00:40:23.638213
50,4,5,2,2017-10-20 05:08:44.000000,2017-11-21 00:40:23.643109,2017-11-21 00:40:23.643109
51,4,27,3,2017-11-08 00:28:31.000000,2017-11-21 00:40:23.648131,2017-11-21 00:40:23.648131
52,4,9,1,2017-11-03 07:10:19.000000,2017-11-21 00:40:23.653125,2017-11-21 00:40:23.653125
53,5,18,3,2017-11-13 02:35:09.000000,2017-11-21 00:40:25.317720,2017-11-21 00:40:25.317720
54,5,48,3,2017-11-09 11:31:35.000000,2017-11-21 00:40:25.324631,2017-11-21 00:40:25.324631
55,5,17,4,2017-11-05 03:30:54.000000,2017-11-21 00:40:25.329476,2017-11-21 00:40:25.329476
56,5,6,5,2017-11-19 12:42:03.000000,2017-11-21 00:40:25.333774,2017-11-21 00:40:25.333774
57,5,30,4,2017-11-18 01:03:39.000000,2017-11-21 00:40:25.338579,2017-11-21 00:40:25.338579
58,6,5,5,2017-11-09 11:36:22.000000,2017-11-21 00:40:27.943096,2017-11-21 00:40:27.943096
59,6,29,5,2017-11-20 11:11:22.000000,2017-11-21 00:40:27.953289,2017-11-21 00:40:27.953289
60,6,31,6,2017-10-27 06:32:16.000000,2017-11-21 00:40:27.958626,2017-11-21 00:40:27.958626
61,6,1,5,2017-10-25 17:19:16.000000,2017-11-21 00:40:27.963913,2017-11-21 00:40:27.963913
62,6,38,5,2017-11-15 09:27:18.000000,2017-11-21 00:40:27.968731,2017-11-21 00:40:27.968731
63,6,18,4,2017-11-14 02:22:21.000000,2017-11-21 00:40:27.974015,2017-11-21 00:40:27.974015
64,6,41,5,2017-11-17 17:22:12.000000,2017-11-21 00:40:27.978556,2017-11-21 00:40:27.978556
65,6,44,5,2017-11-16 22:13:30.000000,2017-11-21 00:40:27.982794,2017-11-21 00:40:27.982794
66,6,36,5,2017-11-18 11:02:29.000000,2017-11-21 00:40:27.987043,2017-11-21 00:40:27.987043
67,7,15,5,2017-11-20 09:44:53.000000,2017-11-21 00:40:29.791275,2017-11-21 00:40:29.791275
68,7,26,4,2017-11-06 03:04:33.000000,2017-11-21 00:40:29.798431,2017-11-21 00:40:29.798431
69,7,43,4,2017-10-25 16:32:54.000000,2017-11-21 00:40:29.802858,2017-11-21 00:40:29.802858
70,7,49,5,2017-10-25 23:43:31.000000,2017-11-21 00:40:29.808174,2017-11-21 00:40:29.808174
71,7,47,4,2017-10-26 16:27:05.000000,2017-11-21 00:40:29.813365,2017-11-21 00:40:29.813365
72,7,44,4,2017-11-19 02:09:03.000000,2017-11-21 00:40:29.818146,2017-11-21 00:40:29.818146
73,7,37,4,2017-11-19 22:06:29.000000,2017-11-21 00:40:29.823408,2017-11-21 00:40:29.823408
74,7,30,5,2017-11-18 11:30:18.000000,2017-11-21 00:40:29.828422,2017-11-21 00:40:29.828422
75,8,5,4,2017-10-24 08:19:15.000000,2017-11-21 00:40:32.446075,2017-11-21 00:40:32.446075
76,8,14,4,2017-10-11 06:07:23.000000,2017-11-21 00:40:32.452522,2017-11-21 00:40:32.452522
77,8,21,5,2017-10-19 15:43:16.000000,2017-11-21 00:40:32.458727,2017-11-21 00:40:32.458727
78,8,26,4,2017-11-02 16:01:15.000000,2017-11-21 00:40:32.464103,2017-11-21 00:40:32.464103
79,8,46,4,2017-10-12 05:52:27.000000,2017-11-21 00:40:32.470543,2017-11-21 00:40:32.470543
80,8,6,5,2017-11-03 12:23:13.000000,2017-11-21 00:40:32.475966,2017-11-21 00:40:32.475966
81,8,10,6,2017-11-19 17:38:14.000000,2017-11-21 00:40:32.480630,2017-11-21 00:40:32.480630
82,8,18,6,2017-10-24 20:57:26.000000,2017-11-21 00:40:32.485157,2017-11-21 00:40:32.485157
83,8,25,5,2017-09-29 16:17:36.000000,2017-11-21 00:40:32.490269,2017-11-21 00:40:32.490269
84,9,6,0,2017-11-09 08:24:02.000000,2017-11-21 00:40:35.383226,2017-11-21 00:40:35.383226
85,9,50,2,2017-11-11 22:56:49.000000,2017-11-21 00:40:35.391390,2017-11-21 00:40:35.391390
86,9,50,2,2017-11-13 17:24:28.000000,2017-11-21 00:40:35.395636,2017-11-21 00:40:35.395636
87,9,37,0,2017-11-19 01:19:49.000000,2017-11-21 00:40:35.399757,2017-11-21 00:40:35.399757
88,9,17,1,2017-11-07 13:54:42.000000,2017-11-21 00:40:35.404176,2017-11-21 00:40:35.404176
89,9,37,0,2017-11-16 14:15:31.000000,2017-11-21 00:40:35.409247,2017-11-21 00:40:35.409247
90,9,41,1,2017-11-19 20:29:23.000000,2017-11-21 00:40:35.413904,2017-11-21 00:40:35.413904
91,9,17,0,2017-11-03 01:22:36.000000,2017-11-21 00:40:35.418451,2017-11-21 00:40:35.418451
92,9,48,1,2017-11-16 17:55:59.000000,2017-11-21 00:40:35.424589,2017-11-21 00:40:35.424589
93,9,22,0,2017-11-08 08:13:50.000000,2017-11-21 00:40:35.429541,2017-11-21 00:40:35.429541
94,10,15,1,2017-11-18 14:12:14.000000,2017-11-21 00:40:37.052379,2017-11-21 00:40:37.052379
95,10,39,3,2017-10-11 18:38:28.000000,2017-11-21 00:40:37.059193,2017-11-21 00:40:37.059193
96,10,42,1,2017-11-21 04:31:08.000000,2017-11-21 00:40:37.064524,2017-11-21 00:40:37.064524
97,10,40,2,2017-10-22 13:11:09.000000,2017-11-21 00:40:37.069501,2017-11-21 00:40:37.069501
98,10,19,2,2017-11-12 05:02:37.000000,2017-11-21 00:40:37.075415,2017-11-21 00:40:37.075415
99,10,43,1,2017-11-02 03:45:42.000000,2017-11-21 00:40:37.083353,2017-11-21 00:40:37.083353
100,10,2,3,2017-11-12 08:04:09.000000,2017-11-21 00:40:37.090003,2017-11-21 00:40:37.090003
101,10,18,2,2017-10-15 17:47:59.000000,2017-11-21 00:40:37.096390,2017-11-21 00:40:37.096390
102,10,24,1,2017-11-08 05:11:18.000000,2017-11-21 00:40:37.101367,2017-11-21 00:40:37.101367
103,10,49,2,2017-10-06 09:21:30.000000,2017-11-21 00:40:37.106407,2017-11-21 00:40:37.106407
104,10,30,3,2017-09-21 08:31:41.000000,2017-11-21 00:40:37.111109,2017-11-21 00:40:37.111109
105,10,2,2,2017-11-09 01:53:41.000000,2017-11-21 00:40:37.116214,2017-11-21 00:40:37.116214
106,10,35,1,2017-11-05 08:37:10.000000,2017-11-21 00:40:37.123504,2017-11-21 00:40:37.123504
107,11,8,3,2017-11-09 17:04:36.000000,2017-11-21 00:40:38.953406,2017-11-21 00:40:38.953406
108,11,21,3,2017-11-13 15:24:55.000000,2017-11-21 00:40:38.960428,2017-11-21 00:40:38.960428
109,11,20,3,2017-10-23 00:52:30.000000,2017-11-21 00:40:38.966757,2017-11-21 00:40:38.966757
110,11,27,1,2017-11-04 01:46:30.000000,2017-11-21 00:40:38.972328,2017-11-21 00:40:38.972328
111,11,26,1,2017-11-16 22:27:38.000000,2017-11-21 00:40:38.977279,2017-11-21 00:40:38.977279
112,11,41,2,2017-11-07 15:40:47.000000,2017-11-21 00:40:38.982936,2017-11-21 00:40:38.982936
113,11,20,2,2017-10-22 17:32:22.000000,2017-11-21 00:40:38.987649,2017-11-21 00:40:38.987649
114,12,25,4,2017-10-31 02:40:49.000000,2017-11-21 00:40:40.866313,2017-11-21 00:40:40.866313
115,12,13,4,2017-11-04 12:10:03.000000,2017-11-21 00:40:40.873496,2017-11-21 00:40:40.873496
116,12,9,2,2017-10-23 18:31:40.000000,2017-11-21 00:40:40.878459,2017-11-21 00:40:40.878459
117,12,34,4,2017-11-16 02:41:03.000000,2017-11-21 00:40:40.883396,2017-11-21 00:40:40.883396
118,12,24,3,2017-11-09 17:20:47.000000,2017-11-21 00:40:40.887999,2017-11-21 00:40:40.887999
119,12,36,3,2017-11-13 12:05:53.000000,2017-11-21 00:40:40.892631,2017-11-21 00:40:40.892631
120,12,24,3,2017-11-16 21:29:47.000000,2017-11-21 00:40:40.897074,2017-11-21 00:40:40.897074
121,12,23,3,2017-11-15 16:13:55.000000,2017-11-21 00:40:40.902046,2017-11-21 00:40:40.902046
122,12,17,2,2017-10-16 23:57:45.000000,2017-11-21 00:40:40.907083,2017-11-21 00:40:40.907083
123,12,6,4,2017-11-06 22:55:51.000000,2017-11-21 00:40:40.912191,2017-11-21 00:40:40.912191
124,12,40,3,2017-11-01 14:48:37.000000,2017-11-21 00:40:40.917365,2017-11-21 00:40:40.917365
125,12,18,3,2017-11-13 10:58:46.000000,2017-11-21 00:40:40.922407,2017-11-21 00:40:40.922407
126,12,14,3,2017-11-18 03:32:42.000000,2017-11-21 00:40:40.927445,2017-11-21 00:40:40.927445
127,13,33,1,2017-11-13 14:14:01.000000,2017-11-21 00:40:42.616053,2017-11-21 00:40:42.616053
128,13,7,1,2017-11-15 14:24:47.000000,2017-11-21 00:40:42.622810,2017-11-21 00:40:42.622810
129,13,20,0,2017-11-16 11:45:14.000000,2017-11-21 00:40:42.627777,2017-11-21 00:40:42.627777
130,13,16,1,2017-11-12 04:23:45.000000,2017-11-21 00:40:42.632925,2017-11-21 00:40:42.632925
131,13,28,3,2017-10-30 23:08:51.000000,2017-11-21 00:40:42.637777,2017-11-21 00:40:42.637777
132,13,49,2,2017-10-05 03:40:19.000000,2017-11-21 00:40:42.642789,2017-11-21 00:40:42.642789
133,14,34,4,2017-11-13 19:22:08.000000,2017-11-21 00:40:45.188832,2017-11-21 00:40:45.188832
134,14,11,5,2017-10-17 06:09:42.000000,2017-11-21 00:40:45.199997,2017-11-21 00:40:45.199997
135,14,31,4,2017-10-12 19:33:23.000000,2017-11-21 00:40:45.204137,2017-11-21 00:40:45.204137
136,14,23,4,2017-10-28 10:21:44.000000,2017-11-21 00:40:45.213888,2017-11-21 00:40:45.213888
137,14,5,4,2017-11-03 14:24:38.000000,2017-11-21 00:40:45.219888,2017-11-21 00:40:45.219888
138,14,44,5,2017-10-19 21:30:25.000000,2017-11-21 00:40:45.239420,2017-11-21 00:40:45.239420
139,14,35,4,2017-11-06 10:52:36.000000,2017-11-21 00:40:45.244556,2017-11-21 00:40:45.244556
140,14,6,5,2017-11-03 18:25:19.000000,2017-11-21 00:40:45.249727,2017-11-21 00:40:45.249727
141,14,7,5,2017-10-29 13:11:44.000000,2017-11-21 00:40:45.254359,2017-11-21 00:40:45.254359
142,14,3,3,2017-10-28 05:17:00.000000,2017-11-21 00:40:45.260852,2017-11-21 00:40:45.260852
143,14,34,5,2017-10-27 05:13:47.000000,2017-11-21 00:40:45.265939,2017-11-21 00:40:45.265939
144,14,29,5,2017-11-10 06:11:06.000000,2017-11-21 00:40:45.271729,2017-11-21 00:40:45.271729
145,15,6,5,2017-11-16 01:38:19.000000,2017-11-21 00:40:46.741196,2017-11-21 00:40:46.741196
146,15,1,4,2017-11-18 15:05:27.000000,2017-11-21 00:40:46.748672,2017-11-21 00:40:46.748672
147,15,35,4,2017-11-19 04:24:11.000000,2017-11-21 00:40:46.753405,2017-11-21 00:40:46.753405
148,15,47,4,2017-11-13 01:28:50.000000,2017-11-21 00:40:46.757981,2017-11-21 00:40:46.757981
149,15,45,4,2017-11-12 20:30:16.000000,2017-11-21 00:40:46.764574,2017-11-21 00:40:46.764574
150,16,24,3,2017-10-04 01:32:22.000000,2017-11-21 00:40:47.650550,2017-11-21 00:40:47.650550
151,16,3,5,2017-11-02 21:40:13.000000,2017-11-21 00:40:47.656613,2017-11-21 00:40:47.656613
152,16,50,5,2017-11-06 11:59:35.000000,2017-11-21 00:40:47.660785,2017-11-21 00:40:47.660785
153,16,23,4,2017-10-28 10:19:00.000000,2017-11-21 00:40:47.665534,2017-11-21 00:40:47.665534
154,16,39,5,2017-11-08 22:51:26.000000,2017-11-21 00:40:47.669850,2017-11-21 00:40:47.669850
155,16,12,4,2017-10-21 05:35:20.000000,2017-11-21 00:40:47.675362,2017-11-21 00:40:47.675362
156,16,29,5,2017-11-18 06:51:26.000000,2017-11-21 00:40:47.680638,2017-11-21 00:40:47.680638
157,16,28,4,2017-11-19 09:25:32.000000,2017-11-21 00:40:47.685429,2017-11-21 00:40:47.685429
158,16,21,6,2017-10-12 00:44:46.000000,2017-11-21 00:40:47.690997,2017-11-21 00:40:47.690997
159,16,17,4,2017-11-01 00:01:56.000000,2017-11-21 00:40:47.696181,2017-11-21 00:40:47.696181
160,17,50,5,2017-11-02 05:33:31.000000,2017-11-21 00:40:48.241576,2017-11-21 00:40:48.241576
161,17,16,4,2017-11-18 16:04:29.000000,2017-11-21 00:40:48.248627,2017-11-21 00:40:48.248627
162,17,2,4,2017-09-25 03:45:34.000000,2017-11-21 00:40:48.253335,2017-11-21 00:40:48.253335
163,17,40,5,2017-11-13 22:01:46.000000,2017-11-21 00:40:48.258427,2017-11-21 00:40:48.258427
164,17,44,4,2017-10-30 07:23:29.000000,2017-11-21 00:40:48.265851,2017-11-21 00:40:48.265851
165,17,32,5,2017-11-01 20:23:40.000000,2017-11-21 00:40:48.272963,2017-11-21 00:40:48.272963
166,17,11,6,2017-11-20 07:38:18.000000,2017-11-21 00:40:48.280571,2017-11-21 00:40:48.280571
167,17,47,6,2017-10-22 01:18:34.000000,2017-11-21 00:40:48.285408,2017-11-21 00:40:48.285408
168,17,19,5,2017-11-14 13:36:02.000000,2017-11-21 00:40:48.289975,2017-11-21 00:40:48.289975
169,17,18,5,2017-09-16 01:53:32.000000,2017-11-21 00:40:48.294811,2017-11-21 00:40:48.294811
170,17,9,4,2017-10-28 23:49:27.000000,2017-11-21 00:40:48.299424,2017-11-21 00:40:48.299424
171,18,4,1,2017-10-12 18:21:59.000000,2017-11-21 00:40:50.105373,2017-11-21 00:40:50.105373
172,18,21,1,2017-11-05 02:54:21.000000,2017-11-21 00:40:50.111760,2017-11-21 00:40:50.111760
173,18,22,1,2017-11-06 07:38:43.000000,2017-11-21 00:40:50.117044,2017-11-21 00:40:50.117044
174,18,21,1,2017-11-20 09:42:32.000000,2017-11-21 00:40:50.121390,2017-11-21 00:40:50.121390
175,18,23,0,2017-11-02 03:38:55.000000,2017-11-21 00:40:50.127054,2017-11-21 00:40:50.127054
176,19,41,5,2017-11-02 20:02:57.000000,2017-11-21 00:40:51.914133,2017-11-21 00:40:51.914133
177,19,2,5,2017-11-19 03:17:49.000000,2017-11-21 00:40:51.920718,2017-11-21 00:40:51.920718
178,19,18,4,2017-11-09 19:22:15.000000,2017-11-21 00:40:51.925537,2017-11-21 00:40:51.925537
179,19,43,5,2017-11-11 08:20:02.000000,2017-11-21 00:40:51.930948,2017-11-21 00:40:51.930948
180,19,28,4,2017-11-19 08:11:29.000000,2017-11-21 00:40:51.935846,2017-11-21 00:40:51.935846
181,19,15,4,2017-11-11 16:46:24.000000,2017-11-21 00:40:51.940935,2017-11-21 00:40:51.940935
182,19,27,5,2017-11-18 19:09:43.000000,2017-11-21 00:40:51.946725,2017-11-21 00:40:51.946725
183,19,28,6,2017-11-13 21:54:15.000000,2017-11-21 00:40:51.953199,2017-11-21 00:40:51.953199
184,19,9,4,2017-11-10 09:12:59.000000,2017-11-21 00:40:51.959238,2017-11-21 00:40:51.959238
185,19,46,4,2017-11-13 09:55:55.000000,2017-11-21 00:40:51.965395,2017-11-21 00:40:51.965395
186,19,48,5,2017-11-03 15:08:18.000000,2017-11-21 00:40:51.971305,2017-11-21 00:40:51.971305
187,19,36,4,2017-11-12 17:51:15.000000,2017-11-21 00:40:51.976948,2017-11-21 00:40:51.976948
188,20,31,4,2017-09-27 17:05:22.000000,2017-11-21 00:40:52.865449,2017-11-21 00:40:52.865449
189,20,23,5,2017-11-17 21:54:34.000000,2017-11-21 00:40:52.872915,2017-11-21 00:40:52.872915
190,20,39,4,2017-11-16 06:09:27.000000,2017-11-21 00:40:52.877893,2017-11-21 00:40:52.877893
191,20,29,3,2017-10-30 08:04:36.000000,2017-11-21 00:40:52.883577,2017-11-21 00:40:52.883577
192,20,3,4,2017-09-20 02:17:58.000000,2017-11-21 00:40:52.888892,2017-11-21 00:40:52.888892
193,20,47,4,2017-10-23 10:54:22.000000,2017-11-21 00:40:52.893995,2017-11-21 00:40:52.893995
194,20,4,3,2017-10-19 10:47:56.000000,2017-11-21 00:40:52.899663,2017-11-21 00:40:52.899663
195,20,10,3,2017-09-26 07:33:53.000000,2017-11-21 00:40:52.904874,2017-11-21 00:40:52.904874
196,21,1,4,2017-10-21 06:44:32.000000,2017-11-21 00:40:55.175605,2017-11-21 00:40:55.175605
197,21,34,4,2017-10-01 22:10:16.000000,2017-11-21 00:40:55.182241,2017-11-21 00:40:55.182241
198,21,41,3,2017-10-08 05:07:00.000000,2017-11-21 00:40:55.187935,2017-11-21 00:40:55.187935
199,21,43,2,2017-11-09 19:45:39.000000,2017-11-21 00:40:55.192182,2017-11-21 00:40:55.192182
200,21,34,3,2017-10-30 01:39:31.000000,2017-11-21 00:40:55.196219,2017-11-21 00:40:55.196219
201,21,46,3,2017-10-14 11:14:57.000000,2017-11-21 00:40:55.200963,2017-11-21 00:40:55.200963
202,21,9,2,2017-11-17 10:10:38.000000,2017-11-21 00:40:55.205851,2017-11-21 00:40:55.205851
203,21,3,3,2017-09-05 23:18:31.000000,2017-11-21 00:40:55.210121,2017-11-21 00:40:55.210121
204,21,14,2,2017-11-18 05:06:59.000000,2017-11-21 00:40:55.214839,2017-11-21 00:40:55.214839
205,21,10,2,2017-09-25 00:55:41.000000,2017-11-21 00:40:55.220828,2017-11-21 00:40:55.220828
206,21,47,3,2017-10-04 23:08:58.000000,2017-11-21 00:40:55.225706,2017-11-21 00:40:55.225706
207,22,13,4,2017-11-08 03:11:54.000000,2017-11-21 00:40:56.813549,2017-11-21 00:40:56.813549
208,22,12,4,2017-11-11 19:24:47.000000,2017-11-21 00:40:56.822608,2017-11-21 00:40:56.822608
209,22,10,5,2017-11-17 20:49:58.000000,2017-11-21 00:40:56.827404,2017-11-21 00:40:56.827404
210,22,31,5,2017-11-10 15:52:09.000000,2017-11-21 00:40:56.832890,2017-11-21 00:40:56.832890
211,22,42,5,2017-11-19 19:05:07.000000,2017-11-21 00:40:56.845932,2017-11-21 00:40:56.845932
212,22,28,4,2017-11-06 09:42:02.000000,2017-11-21 00:40:56.853629,2017-11-21 00:40:56.853629
213,22,28,4,2017-11-05 23:48:56.000000,2017-11-21 00:40:56.857942,2017-11-21 00:40:56.857942
214,22,6,5,2017-11-03 05:06:46.000000,2017-11-21 00:40:56.862174,2017-11-21 00:40:56.862174
215,22,36,5,2017-11-06 21:10:54.000000,2017-11-21 00:40:56.866932,2017-11-21 00:40:56.866932
216,23,45,3,2017-10-18 11:40:58.000000,2017-11-21 00:40:58.412459,2017-11-21 00:40:58.412459
217,23,42,2,2017-11-06 02:37:01.000000,2017-11-21 00:40:58.421177,2017-11-21 00:40:58.421177
218,23,28,4,2017-11-14 18:21:05.000000,2017-11-21 00:40:58.426311,2017-11-21 00:40:58.426311
219,23,12,3,2017-11-06 21:58:55.000000,2017-11-21 00:40:58.431517,2017-11-21 00:40:58.431517
220,23,44,2,2017-10-11 02:52:01.000000,2017-11-21 00:40:58.437980,2017-11-21 00:40:58.437980
221,23,27,3,2017-10-20 12:32:29.000000,2017-11-21 00:40:58.442918,2017-11-21 00:40:58.442918
222,23,35,3,2017-11-03 23:14:20.000000,2017-11-21 00:40:58.447342,2017-11-21 00:40:58.447342
223,23,2,3,2017-10-05 05:09:46.000000,2017-11-21 00:40:58.452541,2017-11-21 00:40:58.452541
224,24,11,1,2017-10-10 14:10:24.000000,2017-11-21 00:41:00.356588,2017-11-21 00:41:00.356588
225,24,44,0,2017-11-15 15:08:32.000000,2017-11-21 00:41:00.363330,2017-11-21 00:41:00.363330
226,24,21,0,2017-09-11 16:50:39.000000,2017-11-21 00:41:00.368523,2017-11-21 00:41:00.368523
227,24,5,1,2017-10-31 13:26:11.000000,2017-11-21 00:41:00.373856,2017-11-21 00:41:00.373856
228,24,9,0,2017-11-08 15:42:01.000000,2017-11-21 00:41:00.378603,2017-11-21 00:41:00.378603
229,24,44,1,2017-10-18 01:28:07.000000,2017-11-21 00:41:00.384349,2017-11-21 00:41:00.384349
230,24,41,1,2017-10-05 06:23:36.000000,2017-11-21 00:41:00.390349,2017-11-21 00:41:00.390349
231,24,46,1,2017-10-21 09:27:59.000000,2017-11-21 00:41:00.395063,2017-11-21 00:41:00.395063
232,24,25,1,2017-11-09 18:30:34.000000,2017-11-21 00:41:00.399455,2017-11-21 00:41:00.399455
233,24,31,0,2017-10-21 06:55:20.000000,2017-11-21 00:41:00.405514,2017-11-21 00:41:00.405514
234,24,44,0,2017-10-07 11:45:46.000000,2017-11-21 00:41:00.410853,2017-11-21 00:41:00.410853
235,25,19,5,2017-11-06 21:45:34.000000,2017-11-21 00:41:03.163632,2017-11-21 00:41:03.163632
236,25,24,5,2017-11-03 06:18:39.000000,2017-11-21 00:41:03.172238,2017-11-21 00:41:03.172238
237,26,13,3,2017-11-09 05:45:07.000000,2017-11-21 00:41:06.232651,2017-11-21 00:41:06.232651
238,26,40,4,2017-10-27 05:10:39.000000,2017-11-21 00:41:06.239052,2017-11-21 00:41:06.239052
239,26,11,3,2017-11-08 00:00:21.000000,2017-11-21 00:41:06.246258,2017-11-21 00:41:06.246258
240,26,21,3,2017-11-18 15:14:22.000000,2017-11-21 00:41:06.251309,2017-11-21 00:41:06.251309
241,26,30,3,2017-11-12 18:56:41.000000,2017-11-21 00:41:06.256009,2017-11-21 00:41:06.256009
242,26,18,5,2017-11-01 21:32:50.000000,2017-11-21 00:41:06.261488,2017-11-21 00:41:06.261488
243,26,36,3,2017-11-13 03:04:40.000000,2017-11-21 00:41:06.266141,2017-11-21 00:41:06.266141
244,26,21,3,2017-11-01 03:38:09.000000,2017-11-21 00:41:06.271267,2017-11-21 00:41:06.271267
245,26,12,4,2017-11-15 01:53:07.000000,2017-11-21 00:41:06.278439,2017-11-21 00:41:06.278439
246,26,25,3,2017-10-31 05:33:47.000000,2017-11-21 00:41:06.282781,2017-11-21 00:41:06.282781
247,26,7,3,2017-10-28 14:20:20.000000,2017-11-21 00:41:06.287832,2017-11-21 00:41:06.287832
248,27,4,3,2017-10-15 07:04:20.000000,2017-11-21 00:41:07.890590,2017-11-21 00:41:07.890590
249,27,20,3,2017-10-17 13:23:19.000000,2017-11-21 00:41:07.899556,2017-11-21 00:41:07.899556
250,27,6,4,2017-11-11 09:47:20.000000,2017-11-21 00:41:07.904245,2017-11-21 00:41:07.904245
251,27,17,3,2017-10-21 17:57:34.000000,2017-11-21 00:41:07.908990,2017-11-21 00:41:07.908990
252,27,10,3,2017-10-28 10:54:52.000000,2017-11-21 00:41:07.914132,2017-11-21 00:41:07.914132
253,27,38,4,2017-10-13 17:34:48.000000,2017-11-21 00:41:07.918799,2017-11-21 00:41:07.918799
254,27,43,3,2017-10-21 08:35:10.000000,2017-11-21 00:41:07.923608,2017-11-21 00:41:07.923608
255,27,17,4,2017-10-18 07:02:50.000000,2017-11-21 00:41:07.928880,2017-11-21 00:41:07.928880
256,27,48,3,2017-11-01 01:19:27.000000,2017-11-21 00:41:07.934850,2017-11-21 00:41:07.934850
257,27,15,4,2017-11-19 15:39:39.000000,2017-11-21 00:41:07.940213,2017-11-21 00:41:07.940213
258,27,31,5,2017-10-29 21:44:16.000000,2017-11-21 00:41:07.945690,2017-11-21 00:41:07.945690
259,28,45,4,2017-11-09 01:19:30.000000,2017-11-21 00:41:09.324071,2017-11-21 00:41:09.324071
260,28,24,5,2017-11-03 16:33:00.000000,2017-11-21 00:41:09.333730,2017-11-21 00:41:09.333730
261,28,5,6,2017-11-08 21:26:42.000000,2017-11-21 00:41:09.339410,2017-11-21 00:41:09.339410
262,28,23,3,2017-11-09 04:15:07.000000,2017-11-21 00:41:09.344868,2017-11-21 00:41:09.344868
263,28,5,5,2017-11-14 06:43:35.000000,2017-11-21 00:41:09.351729,2017-11-21 00:41:09.351729
264,28,37,5,2017-11-16 04:43:46.000000,2017-11-21 00:41:09.356863,2017-11-21 00:41:09.356863
265,28,37,6,2017-11-14 12:12:41.000000,2017-11-21 00:41:09.361475,2017-11-21 00:41:09.361475
266,28,5,4,2017-11-20 18:53:37.000000,2017-11-21 00:41:09.366768,2017-11-21 00:41:09.366768
267,29,12,2,2017-11-10 22:08:16.000000,2017-11-21 00:41:11.058806,2017-11-21 00:41:11.058806
268,29,46,4,2017-11-19 14:00:37.000000,2017-11-21 00:41:11.068131,2017-11-21 00:41:11.068131
269,29,46,3,2017-11-08 11:33:53.000000,2017-11-21 00:41:11.073948,2017-11-21 00:41:11.073948
270,29,9,3,2017-11-02 20:05:23.000000,2017-11-21 00:41:11.079753,2017-11-21 00:41:11.079753
271,29,33,3,2017-11-02 02:01:21.000000,2017-11-21 00:41:11.088211,2017-11-21 00:41:11.088211
272,29,10,4,2017-10-30 23:44:32.000000,2017-11-21 00:41:11.093833,2017-11-21 00:41:11.093833
273,29,47,3,2017-11-03 08:07:32.000000,2017-11-21 00:41:11.098558,2017-11-21 00:41:11.098558
274,29,38,3,2017-11-14 00:55:03.000000,2017-11-21 00:41:11.103453,2017-11-21 00:41:11.103453
275,29,44,2,2017-11-08 16:25:15.000000,2017-11-21 00:41:11.108067,2017-11-21 00:41:11.108067
276,29,32,2,2017-11-02 06:15:00.000000,2017-11-21 00:41:11.113023,2017-11-21 00:41:11.113023
277,29,22,5,2017-11-06 09:23:09.000000,2017-11-21 00:41:11.117782,2017-11-21 00:41:11.117782
278,29,34,3,2017-10-30 06:17:41.000000,2017-11-21 00:41:11.123875,2017-11-21 00:41:11.123875
279,29,20,3,2017-11-20 00:02:29.000000,2017-11-21 00:41:11.129885,2017-11-21 00:41:11.129885
280,30,49,5,2017-11-17 15:06:37.000000,2017-11-21 00:41:13.157841,2017-11-21 00:41:13.157841
281,30,29,5,2017-11-15 23:13:50.000000,2017-11-21 00:41:13.164155,2017-11-21 00:41:13.164155
282,30,4,6,2017-11-04 21:40:05.000000,2017-11-21 00:41:13.169455,2017-11-21 00:41:13.169455
283,30,24,5,2017-10-18 00:00:36.000000,2017-11-21 00:41:13.174354,2017-11-21 00:41:13.174354
284,30,12,4,2017-10-25 02:22:20.000000,2017-11-21 00:41:13.179092,2017-11-21 00:41:13.179092
285,30,26,5,2017-11-13 02:42:18.000000,2017-11-21 00:41:13.184995,2017-11-21 00:41:13.184995
286,30,15,4,2017-11-20 18:19:34.000000,2017-11-21 00:41:13.189908,2017-11-21 00:41:13.189908
287,30,43,6,2017-10-24 00:45:41.000000,2017-11-21 00:41:13.194905,2017-11-21 00:41:13.194905
288,30,8,4,2017-10-22 22:11:40.000000,2017-11-21 00:41:13.200178,2017-11-21 00:41:13.200178
289,30,41,5,2017-09-13 04:51:15.000000,2017-11-21 00:41:13.205038,2017-11-21 00:41:13.205038
290,31,38,1,2017-10-19 07:47:06.000000,2017-11-21 00:41:14.831423,2017-11-21 00:41:14.831423
291,31,15,0,2017-11-19 22:16:01.000000,2017-11-21 00:41:14.840163,2017-11-21 00:41:14.840163
292,31,15,1,2017-11-19 10:34:17.000000,2017-11-21 00:41:14.848555,2017-11-21 00:41:14.848555
293,31,50,1,2017-10-23 21:43:04.000000,2017-11-21 00:41:14.858700,2017-11-21 00:41:14.858700
294,31,20,1,2017-11-15 11:07:28.000000,2017-11-21 00:41:14.863483,2017-11-21 00:41:14.863483
295,31,29,1,2017-11-19 22:43:03.000000,2017-11-21 00:41:14.869871,2017-11-21 00:41:14.869871
296,31,44,1,2017-11-09 06:47:45.000000,2017-11-21 00:41:14.875232,2017-11-21 00:41:14.875232
297,31,42,2,2017-11-15 01:15:14.000000,2017-11-21 00:41:14.880509,2017-11-21 00:41:14.880509
298,32,18,5,2017-10-25 13:23:56.000000,2017-11-21 00:41:17.287469,2017-11-21 00:41:17.287469
299,32,33,4,2017-11-04 20:15:05.000000,2017-11-21 00:41:17.295047,2017-11-21 00:41:17.295047
300,32,34,4,2017-11-14 23:59:02.000000,2017-11-21 00:41:17.299632,2017-11-21 00:41:17.299632
301,32,8,5,2017-09-25 16:04:05.000000,2017-11-21 00:41:17.304649,2017-11-21 00:41:17.304649
302,32,1,3,2017-10-28 09:01:27.000000,2017-11-21 00:41:17.310330,2017-11-21 00:41:17.310330
303,32,48,5,2017-11-17 09:24:07.000000,2017-11-21 00:41:17.314354,2017-11-21 00:41:17.314354
304,32,46,4,2017-11-02 23:08:36.000000,2017-11-21 00:41:17.319823,2017-11-21 00:41:17.319823
305,32,18,5,2017-09-29 01:04:14.000000,2017-11-21 00:41:17.325527,2017-11-21 00:41:17.325527
306,33,15,2,2017-11-12 07:38:06.000000,2017-11-21 00:41:18.735070,2017-11-21 00:41:18.735070
307,33,14,3,2017-11-18 07:10:19.000000,2017-11-21 00:41:18.742273,2017-11-21 00:41:18.742273
308,33,47,2,2017-11-04 10:01:19.000000,2017-11-21 00:41:18.747080,2017-11-21 00:41:18.747080
309,33,10,2,2017-11-19 08:17:20.000000,2017-11-21 00:41:18.751173,2017-11-21 00:41:18.751173
310,33,7,2,2017-11-17 16:19:52.000000,2017-11-21 00:41:18.755515,2017-11-21 00:41:18.755515
311,33,44,3,2017-10-30 05:19:16.000000,2017-11-21 00:41:18.760528,2017-11-21 00:41:18.760528
312,33,16,3,2017-11-19 01:24:49.000000,2017-11-21 00:41:18.765126,2017-11-21 00:41:18.765126
313,33,11,3,2017-11-06 17:45:23.000000,2017-11-21 00:41:18.769914,2017-11-21 00:41:18.769914
314,33,43,3,2017-11-06 08:39:07.000000,2017-11-21 00:41:18.775764,2017-11-21 00:41:18.775764
315,33,12,2,2017-11-14 04:40:06.000000,2017-11-21 00:41:18.780200,2017-11-21 00:41:18.780200
316,33,32,3,2017-11-10 06:01:26.000000,2017-11-21 00:41:18.784757,2017-11-21 00:41:18.784757
317,33,21,2,2017-11-20 07:10:10.000000,2017-11-21 00:41:18.789406,2017-11-21 00:41:18.789406
318,34,49,1,2017-09-28 21:38:27.000000,2017-11-21 00:41:20.830375,2017-11-21 00:41:20.830375
319,34,38,1,2017-11-19 16:20:41.000000,2017-11-21 00:41:20.836183,2017-11-21 00:41:20.836183
320,34,46,2,2017-11-20 12:33:16.000000,2017-11-21 00:41:20.842806,2017-11-21 00:41:20.842806
321,34,46,2,2017-10-02 23:50:12.000000,2017-11-21 00:41:20.855078,2017-11-21 00:41:20.855078
322,34,19,1,2017-11-09 12:09:27.000000,2017-11-21 00:41:20.862334,2017-11-21 00:41:20.862334
323,34,50,1,2017-09-20 13:29:29.000000,2017-11-21 00:41:20.870281,2017-11-21 00:41:20.870281
324,34,8,1,2017-09-18 17:10:38.000000,2017-11-21 00:41:20.877198,2017-11-21 00:41:20.877198
325,34,23,1,2017-10-14 12:40:47.000000,2017-11-21 00:41:20.881675,2017-11-21 00:41:20.881675
326,34,8,2,2017-10-01 14:02:36.000000,2017-11-21 00:41:20.887395,2017-11-21 00:41:20.887395
327,34,42,2,2017-11-08 20:58:35.000000,2017-11-21 00:41:20.892970,2017-11-21 00:41:20.892970
328,34,6,1,2017-10-24 00:15:05.000000,2017-11-21 00:41:20.897576,2017-11-21 00:41:20.897576
329,34,6,2,2017-10-29 16:57:08.000000,2017-11-21 00:41:20.902524,2017-11-21 00:41:20.902524
330,35,10,0,2017-10-17 00:26:16.000000,2017-11-21 00:41:23.293907,2017-11-21 00:41:23.293907
331,35,43,0,2017-10-15 22:25:26.000000,2017-11-21 00:41:23.302372,2017-11-21 00:41:23.302372
332,35,25,0,2017-11-02 23:03:44.000000,2017-11-21 00:41:23.308688,2017-11-21 00:41:23.308688
333,35,50,1,2017-09-21 01:19:14.000000,2017-11-21 00:41:23.313485,2017-11-21 00:41:23.313485
334,35,41,1,2017-11-06 01:43:08.000000,2017-11-21 00:41:23.318227,2017-11-21 00:41:23.318227
335,35,29,0,2017-11-12 04:09:07.000000,2017-11-21 00:41:23.323158,2017-11-21 00:41:23.323158
336,35,40,0,2017-11-14 10:19:28.000000,2017-11-21 00:41:23.330766,2017-11-21 00:41:23.330766
337,36,24,3,2017-10-29 09:46:25.000000,2017-11-21 00:41:25.676453,2017-11-21 00:41:25.676453
338,36,19,5,2017-11-07 01:40:23.000000,2017-11-21 00:41:25.683818,2017-11-21 00:41:25.683818
339,36,8,4,2017-10-31 22:33:11.000000,2017-11-21 00:41:25.689008,2017-11-21 00:41:25.689008
340,36,28,4,2017-10-26 08:43:58.000000,2017-11-21 00:41:25.694215,2017-11-21 00:41:25.694215
341,36,39,5,2017-10-29 18:00:33.000000,2017-11-21 00:41:25.698839,2017-11-21 00:41:25.698839
342,36,14,6,2017-11-13 09:03:15.000000,2017-11-21 00:41:25.704286,2017-11-21 00:41:25.704286
343,36,44,4,2017-10-27 06:13:23.000000,2017-11-21 00:41:25.708974,2017-11-21 00:41:25.708974
344,36,42,5,2017-11-19 20:39:27.000000,2017-11-21 00:41:25.713325,2017-11-21 00:41:25.713325
345,36,50,4,2017-11-19 17:32:09.000000,2017-11-21 00:41:25.717719,2017-11-21 00:41:25.717719
346,36,29,3,2017-11-20 07:16:39.000000,2017-11-21 00:41:25.722708,2017-11-21 00:41:25.722708
347,37,13,1,2017-11-18 01:34:11.000000,2017-11-21 00:41:26.635433,2017-11-21 00:41:26.635433
348,37,2,0,2017-11-17 18:34:00.000000,2017-11-21 00:41:26.644555,2017-11-21 00:41:26.644555
349,37,50,1,2017-11-21 02:40:40.000000,2017-11-21 00:41:26.648974,2017-11-21 00:41:26.648974
350,37,47,0,2017-11-21 04:38:38.000000,2017-11-21 00:41:26.654059,2017-11-21 00:41:26.654059
351,37,3,0,2017-11-19 22:05:45.000000,2017-11-21 00:41:26.658883,2017-11-21 00:41:26.658883
352,37,9,1,2017-11-18 01:00:10.000000,2017-11-21 00:41:26.664049,2017-11-21 00:41:26.664049
353,38,43,6,2017-10-12 06:55:38.000000,2017-11-21 00:41:28.929441,2017-11-21 00:41:28.929441
354,38,35,4,2017-10-07 00:03:12.000000,2017-11-21 00:41:28.936550,2017-11-21 00:41:28.936550
355,38,37,4,2017-11-17 07:49:15.000000,2017-11-21 00:41:28.941816,2017-11-21 00:41:28.941816
356,38,22,5,2017-11-16 06:35:52.000000,2017-11-21 00:41:28.947391,2017-11-21 00:41:28.947391
357,38,31,3,2017-10-11 13:37:13.000000,2017-11-21 00:41:28.953093,2017-11-21 00:41:28.953093
358,38,5,4,2017-11-08 00:20:09.000000,2017-11-21 00:41:28.957881,2017-11-21 00:41:28.957881
359,38,5,3,2017-11-05 23:06:04.000000,2017-11-21 00:41:28.963227,2017-11-21 00:41:28.963227
360,38,28,6,2017-10-28 07:16:29.000000,2017-11-21 00:41:28.968191,2017-11-21 00:41:28.968191
361,38,41,6,2017-11-15 23:34:48.000000,2017-11-21 00:41:28.972656,2017-11-21 00:41:28.972656
362,38,28,5,2017-10-24 17:16:24.000000,2017-11-21 00:41:28.977359,2017-11-21 00:41:28.977359
363,39,32,5,2017-11-16 16:06:16.000000,2017-11-21 00:41:31.109493,2017-11-21 00:41:31.109493
364,39,25,4,2017-11-19 06:37:24.000000,2017-11-21 00:41:31.116884,2017-11-21 00:41:31.116884
365,39,5,4,2017-10-20 12:52:28.000000,2017-11-21 00:41:31.121302,2017-11-21 00:41:31.121302
366,39,41,4,2017-09-21 23:14:57.000000,2017-11-21 00:41:31.125459,2017-11-21 00:41:31.125459
367,39,38,6,2017-11-19 20:26:02.000000,2017-11-21 00:41:31.130512,2017-11-21 00:41:31.130512
368,39,19,6,2017-11-14 09:06:14.000000,2017-11-21 00:41:31.136008,2017-11-21 00:41:31.136008
369,40,46,3,2017-10-31 03:39:02.000000,2017-11-21 00:41:32.813435,2017-11-21 00:41:32.813435
370,40,11,3,2017-11-04 22:20:36.000000,2017-11-21 00:41:32.820561,2017-11-21 00:41:32.820561
371,40,8,4,2017-11-20 15:36:04.000000,2017-11-21 00:41:32.825146,2017-11-21 00:41:32.825146
372,40,20,3,2017-11-13 13:46:05.000000,2017-11-21 00:41:32.829903,2017-11-21 00:41:32.829903
373,41,45,3,2017-10-19 23:56:43.000000,2017-11-21 00:41:34.907514,2017-11-21 00:41:34.907514
374,41,32,2,2017-11-10 05:20:15.000000,2017-11-21 00:41:34.914980,2017-11-21 00:41:34.914980
375,41,24,1,2017-09-15 23:11:40.000000,2017-11-21 00:41:34.921780,2017-11-21 00:41:34.921780
376,41,24,2,2017-10-22 05:57:09.000000,2017-11-21 00:41:34.927229,2017-11-21 00:41:34.927229
377,41,12,3,2017-11-04 12:34:14.000000,2017-11-21 00:41:34.933568,2017-11-21 00:41:34.933568
378,41,20,3,2017-09-26 20:49:36.000000,2017-11-21 00:41:34.940355,2017-11-21 00:41:34.940355
379,42,44,3,2017-11-10 23:39:42.000000,2017-11-21 00:41:37.192206,2017-11-21 00:41:37.192206
380,42,10,5,2017-11-03 03:51:04.000000,2017-11-21 00:41:37.202737,2017-11-21 00:41:37.202737
381,42,27,5,2017-11-02 22:30:19.000000,2017-11-21 00:41:37.206955,2017-11-21 00:41:37.206955
382,42,4,5,2017-11-05 16:58:14.000000,2017-11-21 00:41:37.211637,2017-11-21 00:41:37.211637
383,42,33,5,2017-11-17 07:12:43.000000,2017-11-21 00:41:37.217344,2017-11-21 00:41:37.217344
384,42,40,4,2017-11-02 21:53:58.000000,2017-11-21 00:41:37.222788,2017-11-21 00:41:37.222788
385,42,13,4,2017-11-03 20:11:08.000000,2017-11-21 00:41:37.227015,2017-11-21 00:41:37.227015
386,42,50,4,2017-11-08 05:21:33.000000,2017-11-21 00:41:37.232224,2017-11-21 00:41:37.232224
387,42,21,5,2017-11-16 10:06:16.000000,2017-11-21 00:41:37.237846,2017-11-21 00:41:37.237846
388,43,17,5,2017-10-05 12:40:31.000000,2017-11-21 00:41:40.231700,2017-11-21 00:41:40.231700
389,43,45,5,2017-10-10 21:58:50.000000,2017-11-21 00:41:40.244979,2017-11-21 00:41:40.244979
390,44,4,4,2017-10-27 19:42:47.000000,2017-11-21 00:41:43.263640,2017-11-21 00:41:43.263640
391,44,6,3,2017-11-17 20:37:34.000000,2017-11-21 00:41:43.270721,2017-11-21 00:41:43.270721
392,44,49,3,2017-10-27 14:33:19.000000,2017-11-21 00:41:43.276145,2017-11-21 00:41:43.276145
393,44,49,3,2017-11-06 12:07:59.000000,2017-11-21 00:41:43.281681,2017-11-21 00:41:43.281681
394,44,22,3,2017-11-04 02:54:11.000000,2017-11-21 00:41:43.287401,2017-11-21 00:41:43.287401
395,44,35,4,2017-10-21 14:05:42.000000,2017-11-21 00:41:43.293018,2017-11-21 00:41:43.293018
396,44,28,4,2017-11-17 05:35:03.000000,2017-11-21 00:41:43.297260,2017-11-21 00:41:43.297260
397,44,10,5,2017-10-10 20:23:34.000000,2017-11-21 00:41:43.306017,2017-11-21 00:41:43.306017
398,44,49,3,2017-10-08 07:45:04.000000,2017-11-21 00:41:43.310768,2017-11-21 00:41:43.310768
399,44,29,4,2017-11-07 08:01:14.000000,2017-11-21 00:41:43.315234,2017-11-21 00:41:43.315234
400,44,3,4,2017-11-11 20:08:43.000000,2017-11-21 00:41:43.320138,2017-11-21 00:41:43.320138
401,44,22,4,2017-11-18 23:57:14.000000,2017-11-21 00:41:43.325104,2017-11-21 00:41:43.325104
402,45,46,4,2017-11-08 07:54:39.000000,2017-11-21 00:41:45.396885,2017-11-21 00:41:45.396885
403,45,29,4,2017-11-14 21:15:28.000000,2017-11-21 00:41:45.405774,2017-11-21 00:41:45.405774
404,46,44,0,2017-11-08 21:00:26.000000,2017-11-21 00:41:46.959561,2017-11-21 00:41:46.959561
405,46,28,0,2017-11-11 12:20:23.000000,2017-11-21 00:41:46.966350,2017-11-21 00:41:46.966350
406,46,5,1,2017-10-17 01:28:12.000000,2017-11-21 00:41:46.970821,2017-11-21 00:41:46.970821
407,46,31,1,2017-10-25 23:47:52.000000,2017-11-21 00:41:46.975362,2017-11-21 00:41:46.975362
408,46,19,0,2017-11-21 03:29:32.000000,2017-11-21 00:41:46.980294,2017-11-21 00:41:46.980294
409,46,45,0,2017-10-12 14:47:34.000000,2017-11-21 00:41:46.994834,2017-11-21 00:41:46.994834
410,46,50,0,2017-10-13 09:23:21.000000,2017-11-21 00:41:46.999289,2017-11-21 00:41:46.999289
411,46,29,2,2017-11-03 10:29:19.000000,2017-11-21 00:41:47.007528,2017-11-21 00:41:47.007528
412,47,22,0,2017-11-03 01:08:43.000000,2017-11-21 00:41:48.825841,2017-11-21 00:41:48.825841
413,47,32,0,2017-09-24 11:11:36.000000,2017-11-21 00:41:48.832516,2017-11-21 00:41:48.832516
414,47,23,1,2017-09-27 01:28:04.000000,2017-11-21 00:41:48.839098,2017-11-21 00:41:48.839098
415,47,50,1,2017-11-20 00:21:28.000000,2017-11-21 00:41:48.845009,2017-11-21 00:41:48.845009
416,47,45,0,2017-10-06 11:40:51.000000,2017-11-21 00:41:48.858138,2017-11-21 00:41:48.858138
417,47,27,0,2017-09-28 14:02:09.000000,2017-11-21 00:41:48.862454,2017-11-21 00:41:48.862454
418,47,12,2,2017-11-12 13:56:05.000000,2017-11-21 00:41:48.866549,2017-11-21 00:41:48.866549
419,47,4,1,2017-10-14 00:58:09.000000,2017-11-21 00:41:48.871524,2017-11-21 00:41:48.871524
420,47,22,0,2017-11-11 20:32:15.000000,2017-11-21 00:41:48.877254,2017-11-21 00:41:48.877254
421,47,24,0,2017-11-02 19:47:57.000000,2017-11-21 00:41:48.881869,2017-11-21 00:41:48.881869
422,48,4,4,2017-10-16 12:47:18.000000,2017-11-21 00:41:50.506370,2017-11-21 00:41:50.506370
423,48,42,2,2017-11-16 15:42:49.000000,2017-11-21 00:41:50.514581,2017-11-21 00:41:50.514581
424,48,8,2,2017-11-07 18:53:13.000000,2017-11-21 00:41:50.519821,2017-11-21 00:41:50.519821
425,48,21,3,2017-10-27 01:55:52.000000,2017-11-21 00:41:50.525092,2017-11-21 00:41:50.525092
426,48,1,4,2017-11-12 00:55:36.000000,2017-11-21 00:41:50.529931,2017-11-21 00:41:50.529931
427,48,41,3,2017-10-18 01:16:34.000000,2017-11-21 00:41:50.536025,2017-11-21 00:41:50.536025
428,48,20,4,2017-11-02 16:53:01.000000,2017-11-21 00:41:50.542792,2017-11-21 00:41:50.542792
429,49,2,5,2017-11-19 21:47:21.000000,2017-11-21 00:41:52.478606,2017-11-21 00:41:52.478606
430,49,26,5,2017-11-01 01:46:49.000000,2017-11-21 00:41:52.485888,2017-11-21 00:41:52.485888
431,49,43,5,2017-11-16 02:27:41.000000,2017-11-21 00:41:52.490885,2017-11-21 00:41:52.490885
432,49,46,4,2017-10-21 19:24:20.000000,2017-11-21 00:41:52.495812,2017-11-21 00:41:52.495812
433,49,16,5,2017-11-20 06:10:48.000000,2017-11-21 00:41:52.502879,2017-11-21 00:41:52.502879
434,50,49,5,2017-11-08 00:15:24.000000,2017-11-21 00:41:54.788277,2017-11-21 00:41:54.788277
435,50,22,5,2017-11-10 18:02:05.000000,2017-11-21 00:41:54.795028,2017-11-21 00:41:54.795028
436,50,19,4,2017-11-19 04:32:49.000000,2017-11-21 00:41:54.799498,2017-11-21 00:41:54.799498
437,50,25,4,2017-10-30 12:15:02.000000,2017-11-21 00:41:54.806954,2017-11-21 00:41:54.806954
438,50,35,4,2017-10-24 21:03:37.000000,2017-11-21 00:41:54.811371,2017-11-21 00:41:54.811371
439,50,22,5,2017-11-09 05:03:36.000000,2017-11-21 00:41:54.816180,2017-11-21 00:41:54.816180
440,50,41,4,2017-09-20 03:56:47.000000,2017-11-21 00:41:54.821551,2017-11-21 00:41:54.821551
441,50,17,4,2017-11-10 14:54:09.000000,2017-11-21 00:41:54.826882,2017-11-21 00:41:54.826882
442,50,9,3,2017-10-26 04:50:20.000000,2017-11-21 00:41:54.832554,2017-11-21 00:41:54.832554
443,50,39,3,2017-11-11 14:23:28.000000,2017-11-21 00:41:54.839684,2017-11-21 00:41:54.839684
444,50,34,5,2017-11-05 07:50:23.000000,2017-11-21 00:41:54.848935,2017-11-21 00:41:54.848935
