id,email,name,github_username,registered_at,created_at,updated_at
1,clovis@example.net,John Justice Wheeler,,2017-09-22 12:13:05.000000,2017-11-21 00:40:15.899320,2017-11-21 00:40:15.899320
2,foster@example.net,Colin the Security Robot,,2017-09-12 15:34:54.000000,2017-11-21 00:40:15.906486,2017-11-21 00:40:15.906486
3,sigurd.cain@example.org,Prak,,2017-09-01 08:58:21.000000,2017-11-21 00:40:15.912352,2017-11-21 00:40:15.912352
4,providenci@example.org,Willam,,2017-10-06 10:48:48.000000,2017-11-21 00:40:15.917483,2017-11-21 00:40:15.917483
5,lucile@example.org,Major Briggs,daimajia,2017-10-15 20:25:10.000000,2017-11-21 00:40:15.922324,2017-11-21 00:40:15.922324
6,lacey_bednar@example.com,Madam Rosmerta,torvalds,2017-10-22 04:59:12.000000,2017-11-21 00:40:15.927601,2017-11-21 00:40:15.927601
7,lera@example.net,Hokey,,2017-10-23 07:39:22.000000,2017-11-21 00:40:15.933656,2017-11-21 00:40:15.933656
8,rodrigo@example.org,Jessica Wild,,2017-08-28 00:11:15.000000,2017-11-21 00:40:15.939669,2017-11-21 00:40:15.939669
9,vivien_hermiston@example.net,Penelope Clearwater,jlord,2017-10-23 01:41:31.000000,2017-11-21 00:40:15.945097,2017-11-21 00:40:15.945097
10,carrie@example.com,Lucy Moran,,2017-08-22 01:22:09.000000,2017-11-21 00:40:15.950677,2017-11-21 00:40:15.950677
11,kayden@example.net,Terry Boot,schacon,2017-10-09 05:41:24.000000,2017-11-21 00:40:15.955758,2017-11-21 00:40:15.955758
12,mable@example.net,Elvis,,2017-10-14 13:40:58.000000,2017-11-21 00:40:15.960735,2017-11-21 00:40:15.960735
13,audrey@example.org,Kingsley Shacklebolt,mdo,2017-09-30 10:30:39.000000,2017-11-21 00:40:15.965745,2017-11-21 00:40:15.965745
14,elmira@example.net,Thomas Eckhardt,jlord,2017-10-10 15:07:36.000000,2017-11-21 00:40:15.971626,2017-11-21 00:40:15.971626
15,marvin.murray@example.net,Alexis Mateo,,2017-11-09 02:39:44.000000,2017-11-21 00:40:15.976438,2017-11-21 00:40:15.976438
16,neva.fritsch@example.net,Reg Nullify,,2017-09-26 07:41:23.000000,2017-11-21 00:40:15.981765,2017-11-21 00:40:15.981765
17,adriel_fritsch@example.org,Gag Halfrunt,,2017-08-27 12:08:10.000000,2017-11-21 00:40:15.986991,2017-11-21 00:40:15.986991
18,skyla_volkman@example.org,Andy Brennan,,2017-08-24 19:14:53.000000,2017-11-21 00:40:15.992228,2017-11-21 00:40:15.992228
19,terry_brown@example.com,Kennedy Davenport,,2017-11-02 06:14:24.000000,2017-11-21 00:40:15.997607,2017-11-21 00:40:15.997607
20,albina.gutkowski@example.net,Bobby Briggs,,2017-09-02 20:55:31.000000,2017-11-21 00:40:16.003350,2017-11-21 00:40:16.003350
21,rickey_quitzon@example.com,Evelyn Marsh,,2017-08-27 08:07:55.000000,2017-11-21 00:40:16.007875,2017-11-21 00:40:16.007875
22,megane_swaniawski@example.org,Pandora Boxx,,2017-10-31 11:56:05.000000,2017-11-21 00:40:16.012315,2017-11-21 00:40:16.012315
23,gilda_bogan@example.org,Latrice Royale,,2017-08-24 18:58:13.000000,2017-11-21 00:40:16.016796,2017-11-21 00:40:16.016796
24,destini.lehner@example.com,Andy Brennan,,2017-09-05 03:53:18.000000,2017-11-21 00:40:16.021292,2017-11-21 00:40:16.021292
25,amya.carroll@example.org,Sybill Trelawney,,2017-08-25 06:06:19.000000,2017-11-21 00:40:16.025961,2017-11-21 00:40:16.025961
26,jonas@example.com,Albus Dumbledore,mojombo,2017-10-27 14:25:44.000000,2017-11-21 00:40:16.031396,2017-11-21 00:40:16.031396
27,lilla@example.com,Rita Skeeter,,2017-09-04 11:50:46.000000,2017-11-21 00:40:16.036635,2017-11-21 00:40:16.036635
28,mekhi@example.com,Wonko the Sane,,2017-10-24 19:31:17.000000,2017-11-21 00:40:16.041563,2017-11-21 00:40:16.041563
29,marlin_durgan@example.com,Hotblack Desiato,,2017-10-30 09:00:11.000000,2017-11-21 00:40:16.046516,2017-11-21 00:40:16.046516
30,zoie_metz@example.com,Leo Johnson,,2017-09-07 08:16:21.000000,2017-11-21 00:40:16.051549,2017-11-21 00:40:16.051549
31,oren.batz@example.org,Arthur Philip Deodat,,2017-09-27 13:28:09.000000,2017-11-21 00:40:16.057269,2017-11-21 00:40:16.057269
32,aliya@example.org,Trixie Mattel,mojombo,2017-09-10 10:55:37.000000,2017-11-21 00:40:16.062164,2017-11-21 00:40:16.062164
33,emil@example.net,Mella,,2017-10-26 12:04:33.000000,2017-11-21 00:40:16.067786,2017-11-21 00:40:16.067786
34,willis_predovic@example.com,Mr. Prosser,,2017-09-16 22:26:25.000000,2017-11-21 00:40:16.072863,2017-11-21 00:40:16.072863
35,lucas_rodriguez@example.org,Effrafax of Wug,,2017-09-11 07:09:20.000000,2017-11-21 00:40:16.077769,2017-11-21 00:40:16.077769
36,daisy@example.com,Morgan McMichaels,,2017-10-15 18:56:21.000000,2017-11-21 00:40:16.082916,2017-11-21 00:40:16.082916
37,lucio_padberg@example.com,Mary Cattermole,,2017-11-14 05:15:15.000000,2017-11-21 00:40:16.089067,2017-11-21 00:40:16.089067
38,fiona@example.net,Adore Delano,,2017-10-02 15:27:38.000000,2017-11-21 00:40:16.094482,2017-11-21 00:40:16.094482
39,ellsworth.hackett@example.net,Thorgy Thor,,2017-09-12 03:20:39.000000,2017-11-21 00:40:16.100400,2017-11-21 00:40:16.100400
40,lilyan.gutmann@example.com,Darienne Lake,,2017-10-20 01:27:58.000000,2017-11-21 00:40:16.105894,2017-11-21 00:40:16.105894
41,malachi@example.net,Goyle Sr.,mattt,2017-09-13 10:09:19.000000,2017-11-21 00:40:16.110972,2017-11-21 00:40:16.110972
42,anibal_lubowitz@example.net,Agrajag,,2017-11-01 14:08:10.000000,2017-11-21 00:40:16.115642,2017-11-21 00:40:16.115642
43,darrell_mann@example.com,Grunthos the Flatulent,daimajia,2017-10-02 02:51:47.000000,2017-11-21 00:40:16.120742,2017-11-21 00:40:16.120742
44,maddison@example.com,Firenze,,2017-10-07 18:25:32.000000,2017-11-21 00:40:16.125548,2017-11-21 00:40:16.125548
45,dan@example.com,Chi Chi DeVayne,,2017-08-23 23:04:41.000000,2017-11-21 00:40:16.130797,2017-11-21 00:40:16.130797
46,shanny@example.org,Nadine Hurley,,2017-09-06 05:31:31.000000,2017-11-21 00:40:16.137079,2017-11-21 00:40:16.137079
47,emmalee_pollich@example.org,Delta Work,,2017-09-21 16:10:25.000000,2017-11-21 00:40:16.190687,2017-11-21 00:40:16.190687
48,ines@example.org,Hotblack Desiato,,2017-10-15 21:52:00.000000,2017-11-21 00:40:16.229812,2017-11-21 00:40:16.229812
49,omer@example.net,Alicia Spinnet,,2017-09-09 22:42:40.000000,2017-11-21 00:40:16.266987,2017-11-21 00:40:16.266987
50,doris_shanahan@example.com,Alice Longbottom,,2017-09-18 14:56:33.000000,2017-11-21 00:40:16.271453,2017-11-21 00:40:16.271453
